Id,First Name,Last Name,Email
1,Alexander,Gonzalez,william368@gmail.com
2,Isabella,Rodriguez,isabella25@example.org
3,Benjamin,Brown,evelyn632@outlook.com
4,Noah,Brown,noah731@company.com
5,Ethan,Taylor,evelyn943@gmail.com
6,Evelyn,Anderson,mia186@gmail.com
7,Charlotte,Wilson,william706@example.org
8,Evelyn,Brown,emma548@example.org
9,Charlotte,Taylor,lucas665@outlook.com
10,Benjamin,Martin,mia403@outlook.com
11,Ava,Gonzalez,mia329@example.org
12,William,Thomas,evelyn475@outlook.com
13,Ethan,Martinez,ethan888@yahoo.com
14,Benjamin,Wilson,sophia374@example.org
15,Olivia,Martin,olivia128@outlook.com
16,Charlotte,Moore,james841@example.org
17,James,Smith,liam886@yahoo.com
18,Benjamin,Johnson,ava399@example.org
19,Evelyn,Smith,james996@yahoo.com
20,Ava,Smith,olivia484@outlook.com
21,James,Thomas,henry223@outlook.com
22,Mason,Williams,emma153@outlook.com
23,Amelia,Rodriguez,alexander21@gmail.com
24,Noah,Martin,emma679@company.com
25,Liam,Jackson,james103@company.com
26,Emma,Davis,mia887@company.com
27,Mason,Smith,william314@outlook.com
28,Benjamin,Moore,sophia295@company.com
29,Charlotte,Jones,mia82@gmail.com
30,Emma,Davis,henry536@outlook.com
31,Amelia,Jackson,henry36@gmail.com
32,Henry,Miller,evelyn40@outlook.com
33,James,Jones,mason625@example.org
34,Ethan,Martin,evelyn872@gmail.com
35,Benjamin,Taylor,isabella891@yahoo.com
36,Alexander,Davis,olivia351@example.org
37,Henry,Lopez,harper124@gmail.com
38,Olivia,Taylor,emma112@example.org
39,Lucas,Miller,olivia430@company.com
40,Isabella,Rodriguez,henry711@outlook.com
41,Noah,Brown,harper515@company.com
42,Olivia,Hernandez,william830@yahoo.com
43,Evelyn,Thomas,alexander65@company.com
44,Amelia,Garcia,isabella942@gmail.com
45,Ethan,Rodriguez,alexander577@outlook.com
46,James,Lopez,mia216@gmail.com
47,Henry,Moore,ethan680@gmail.com
48,Henry,Lopez,henry713@outlook.com
49,Charlotte,Lopez,mason452@outlook.com
50,William,Brown,henry546@company.com
51,Ethan,Johnson,mason228@company.com
52,Ava,Miller,noah415@yahoo.com
53,Alexander,Miller,sophia711@outlook.com
54,Alexander,Taylor,mason400@example.org
55,Sophia,Davis,charlotte472@company.com
56,Henry,Hernandez,ethan936@yahoo.com
57,Benjamin,Jackson,james743@gmail.com
58,Ethan,Gonzalez,liam393@outlook.com
59,James,Rodriguez,james90@outlook.com
60,Isabella,Williams,isabella933@yahoo.com